The Ringer	https://www.vagalume.com.br/eminem/the-ringer.html
Greatest	https://www.vagalume.com.br/eminem/greatest.html
Lucky You (Feat. Joyner Lucas)	https://www.vagalume.com.br/eminem/lucky-you-feat-joyner-lucas.html
Paul (Skit)	https://www.vagalume.com.br/eminem/paul-skit.html
Normal	https://www.vagalume.com.br/eminem/normal.html
Em Calls Paul (Skit)	https://www.vagalume.com.br/eminem/em-calls-paul-skit.html
Stepping Stone	https://www.vagalume.com.br/eminem/stepping-stone.html
Not Alike (Feat. Royce da 5'9)	https://www.vagalume.com.br/eminem/not-alike-feat-royce-da-59.html
Fall	https://www.vagalume.com.br/eminem/fall.html
Kamikaze	https://www.vagalume.com.br/eminem/kamikaze.html
Nice Guy (Feat. Jessie Reyez)	https://www.vagalume.com.br/eminem/nice-guy-feat-jessie-reyez.html
Good Guy (Feat. Jessie Reyez)	https://www.vagalume.com.br/eminem/good-guy-feat-jessie-reyez.html
Venom	https://www.vagalume.com.br/eminem/venom.html
Walk on Water (Feat. Beyonc√©)	https://www.vagalume.com.br/eminem/walk-on-water-feat-beyonce.html
Believe	https://www.vagalume.com.br/eminem/believe.html
Chloraseptic (Feat. Phresher)	https://www.vagalume.com.br/eminem/chloraseptic-feat-phresher.html
Untouchable	https://www.vagalume.com.br/eminem/untouchable.html
River (Feat. Ed Sheeran)	https://www.vagalume.com.br/eminem/river-with-ed-sheeran.html
Remind Me (Intro)	https://www.vagalume.com.br/eminem/remind-me-intro.html
Remind Me	https://www.vagalume.com.br/eminem/remind-me.html
Revival (Interlude) (Feat. Alice and the Glass Lake)	https://www.vagalume.com.br/eminem/revival-interlude-feat-alice-and-the-glass-lake.html
Like Home (Ft. Alicia Keys)	https://www.vagalume.com.br/eminem/like-home-feat-alicia-keys.html
Bad Husband (Ft. X Ambassadors)	https://www.vagalume.com.br/eminem/bad-husband-feat-x-ambassadors.html
Tragic Endings (Ft. Skylar Grey)	https://www.vagalume.com.br/eminem/tragic-endings-feat-skylar-grey.html
Framed	https://www.vagalume.com.br/eminem/framed.html
Nowhere Fast (Ft. Kehlani)	https://www.vagalume.com.br/eminem/nowhere-fast-feat-kehlani.html
Heat	https://www.vagalume.com.br/eminem/heat.html
Offended	https://www.vagalume.com.br/eminem/offended.html
Need Me (Ft. P!nk)	https://www.vagalume.com.br/eminem/need-me-feat-pink.html
In Your Head	https://www.vagalume.com.br/eminem/in-your-head.html
Castle	https://www.vagalume.com.br/eminem/castle.html
Arose	https://www.vagalume.com.br/eminem/arose.html
Shady Xv	https://www.vagalume.com.br/eminem/shady-xv.html
Psychopath Killer (Feat. Salughterhouse & Yelawolf)	https://www.vagalume.com.br/eminem/psychopath-killer-feat-salughterhouse-yelawolf.html
Die Alone (Feat. Kobe)	https://www.vagalume.com.br/eminem/die-alone-feat-kobe.html
Vegas (Feat. Bad Meets Evil)	https://www.vagalume.com.br/eminem/vegas-feat-bad-meets-evil.html
Y'all Ready Know (Feat. Slaughterhouse)	https://www.vagalume.com.br/eminem/yall-ready-know-feat-slaughterhouse.html
Guts Over Fear (Feat. Sia)	https://www.vagalume.com.br/eminem/guts-over-fear-feat-sia.html
Down (Yelawolf)	https://www.vagalume.com.br/eminem/down-yelawolf.html
Bane (D-12)	https://www.vagalume.com.br/eminem/bane-d-12.html
Fine Line	https://www.vagalume.com.br/eminem/fine-line.html
Twitsted (Feat. Skyler Grey & Yelawolf)	https://www.vagalume.com.br/eminem/twitsted-feat-skyler-grey-yelawolf.html
Right For Me	https://www.vagalume.com.br/eminem/right-for-me.html
"Detroit Vs. Everybody (Feat. Dej Loaf, Royce da 5'9"", Big Sean, Danny Brown & Tr"	https://www.vagalume.com.br/eminem/detroit-vs-everybody-feat-dej-loaf-royce-da-59-big-sean-danny-brown-trick-trick.html
Purple Hills	https://www.vagalume.com.br/eminem/purple-pills.html
Lose Yourself	https://www.vagalume.com.br/eminem/lose-yourself-demo-original-version.html
You Don't Know	https://www.vagalume.com.br/eminem/you-dont-know.html
My Band	https://www.vagalume.com.br/eminem/my-band.html
Fight Music	https://www.vagalume.com.br/eminem/fight-music.html
Lose Yourself (Demo Original Version)	https://www.vagalume.com.br/eminem/lose-yourself-demo-original-version.html
Bad Guy	https://www.vagalume.com.br/eminem/bad-guy.html
Parking Lot (Skit)	https://www.vagalume.com.br/eminem/parking-lot-skit.html
Rhyme Or Reason	https://www.vagalume.com.br/eminem/rhyme-or-reason.html
So Much Better	https://www.vagalume.com.br/eminem/so-much-better.html
Survival (Feat. Liz Rodrigues)	https://www.vagalume.com.br/eminem/survival-feat-liz-rodrigues.html
Legacy	https://www.vagalume.com.br/eminem/legacy.html
Asshole (Feat. Skylar Grey)	https://www.vagalume.com.br/eminem/asshole-feat-skylar-grey.html
Berzerk	https://www.vagalume.com.br/eminem/berzerk.html
Rap God	https://www.vagalume.com.br/eminem/rap-god.html
Brainless	https://www.vagalume.com.br/eminem/brainless.html
Stronger Than I Was	https://www.vagalume.com.br/eminem/stronger-than-i-was.html
The Monster (Feat. Rihanna)	https://www.vagalume.com.br/eminem/the-monster-feat-rihanna.html
So Far	https://www.vagalume.com.br/eminem/so-far.html
Love Game (Feat. Kendrick Lamar)	https://www.vagalume.com.br/eminem/love-game-feat-kendrick-lamar.html
Headlights (Feat. Nate Ruess)	https://www.vagalume.com.br/eminem/headlights-feat-nate-ruess.html
Evil Twin	https://www.vagalume.com.br/eminem/evil-twin.html
Baby	https://www.vagalume.com.br/eminem/baby.html
Desperation (Feat. Jamie n Commons)	https://www.vagalume.com.br/eminem/desperation-feat-jamie-n-commons.html
Groundhog Day	https://www.vagalume.com.br/eminem/groundhog-day.html
Beautiful Pain (Feat. Sia)	https://www.vagalume.com.br/eminem/beautiful-pain-feat-sia.html
Wicked Ways	https://www.vagalume.com.br/eminem/wicked-ways.html
Cold Wind Blows	https://www.vagalume.com.br/eminem/cold-wind-blows.html
Talkin' 2 Myself	https://www.vagalume.com.br/eminem/talking-2-myself.html
On Fire	https://www.vagalume.com.br/eminem/on-fire.html
Won't Back Down	https://www.vagalume.com.br/eminem/wont-back-down.html
W.T.P.	https://www.vagalume.com.br/eminem/w-t-p-white-trash-party.html
Going Through Changes	https://www.vagalume.com.br/eminem/going-through-changes.html
Not Afraid	https://www.vagalume.com.br/eminem/not-afraid.html
Seduction	https://www.vagalume.com.br/eminem/seduction.html
No Love	https://www.vagalume.com.br/eminem/no-love-ft-lil-wayne.html
Space Bound	https://www.vagalume.com.br/eminem/space-bound.html
Cinderella Man	https://www.vagalume.com.br/eminem/cinderella-man.html
25 to Life	https://www.vagalume.com.br/eminem/25-to-life.html
So Bad	https://www.vagalume.com.br/eminem/so-bad.html
Almost Famous	https://www.vagalume.com.br/eminem/almost-famous.html
Love the Way You Lie	https://www.vagalume.com.br/eminem/love-the-way-you-lie-feat-rihanna.html
You're Never Over	https://www.vagalume.com.br/eminem/youre-never-over.html
Untitled (faixa escondida)	https://www.vagalume.com.br/eminem/untitled.html
Ridaz (I Tunes Bonus)	https://www.vagalume.com.br/eminem/ridaz.html
Session One (I Tunes Bonus)	https://www.vagalume.com.br/eminem/session-one.html
Forever (ft. (Drake, Kanye West & Lil Wayne)	https://www.vagalume.com.br/eminem/forever.html
Hell Breaks Loose (Featuring Dr. Dre)	https://www.vagalume.com.br/eminem/hell-breaks-loose.html
Buffalo Bill	https://www.vagalume.com.br/eminem/buffalo-bill.html
Elevator	https://www.vagalume.com.br/eminem/elevator.html
Taking My Ball	https://www.vagalume.com.br/eminem/taking-my-ball.html
Music Box	https://www.vagalume.com.br/eminem/music-box.html
Drop The Bom On 'Em	https://www.vagalume.com.br/eminem/drop-the-bom-on-em.html
Dr. West (Skit)	https://www.vagalume.com.br/eminem/dr-west-skit.html
3 A.m	https://www.vagalume.com.br/eminem/3-a-m.html
My Mom	https://www.vagalume.com.br/eminem/my-mom.html
Insane	https://www.vagalume.com.br/eminem/insane.html
Bagpipes From Baghdad	https://www.vagalume.com.br/eminem/bagpipes-from-baghdad.html
Hello	https://www.vagalume.com.br/eminem/hello.html
Tonya (Skit)	https://www.vagalume.com.br/eminem/tonya-skit.html
Same Song & Dance	https://www.vagalume.com.br/eminem/same-song-dance.html
We Made You	https://www.vagalume.com.br/eminem/we-made-you.html
Medicine Ball	https://www.vagalume.com.br/eminem/medicine-ball.html
Paul (Skit)	https://www.vagalume.com.br/eminem/paul-skit-1.html
Stay Wide Awake	https://www.vagalume.com.br/eminem/stay-wide-awake.html
Old Time's Sake	https://www.vagalume.com.br/eminem/old-times-sake.html
Must Be The Ganja	https://www.vagalume.com.br/eminem/must-be-the-ganja.html
Mr. Mathers (Skit)	https://www.vagalume.com.br/eminem/mr-mathers-skit.html
Deja Vu	https://www.vagalume.com.br/eminem/deja-vu.html
Beautiful	https://www.vagalume.com.br/eminem/beautiful.html
Crack A Bottle	https://www.vagalume.com.br/eminem/crack-a-bottle.html
Steve Berman (skit)	https://www.vagalume.com.br/eminem/steve-berman-skit.html
Underground	https://www.vagalume.com.br/eminem/underground.html
Intro	https://www.vagalume.com.br/eminem/.html
Fack	https://www.vagalume.com.br/eminem/fack.html
The Way I Am	https://www.vagalume.com.br/eminem/the-way-i-am.html
My Name Is	https://www.vagalume.com.br/eminem/my-name-is.html
Stan	https://www.vagalume.com.br/eminem/stan.html
Lose Yourself	https://www.vagalume.com.br/eminem/lose-yourself.html
Shake That	https://www.vagalume.com.br/eminem/shake-that.html
Sing for the Moment	https://www.vagalume.com.br/eminem/sing-for-the-moment.html
Without Me	https://www.vagalume.com.br/eminem/without-me.html
Like Toy Soldiers	https://www.vagalume.com.br/eminem/like-toy-soldiers.html
The Real Slim Shady	https://www.vagalume.com.br/eminem/the-real-slim-shady.html
Mockingbird	https://www.vagalume.com.br/eminem/mockingbird.html
Guilty Conscience	https://www.vagalume.com.br/eminem/guilty-conscience.html
Cleanin' out My Closet	https://www.vagalume.com.br/eminem/cleanin-out-my-closet.html
Just Lose It	https://www.vagalume.com.br/eminem/just-lose-it.html
When I'm Gone	https://www.vagalume.com.br/eminem/when-im-gone.html
Stan [Live]	https://www.vagalume.com.br/eminem/stan.html
Dead Wrong [Remix][Mix]	https://www.vagalume.com.br/eminem/dead-wrong-remix.html
Role Model	https://www.vagalume.com.br/eminem/role-model.html
Kill You	https://www.vagalume.com.br/eminem/kill-you.html
Shit on You	https://www.vagalume.com.br/eminem/shit-on-you-1.html
Criminal	https://www.vagalume.com.br/eminem/criminal.html
Renegade	https://www.vagalume.com.br/eminem/renegade.html
Just Don't Give a F***	https://www.vagalume.com.br/eminem/just-dont-give-a-fuck.html
Curtains Up	https://www.vagalume.com.br/eminem/curtains-up.html
Evil Deeds	https://www.vagalume.com.br/eminem/evil-deeds.html
Never Enough	https://www.vagalume.com.br/eminem/never-enough.html
Yellow Brick Road	https://www.vagalume.com.br/eminem/yellow-brick-road.html
Like Toy Soldiers	https://www.vagalume.com.br/eminem/like-toy-soldiers.html
Mosh	https://www.vagalume.com.br/eminem/mosh.html
Puke	https://www.vagalume.com.br/eminem/puke.html
My 1st Single	https://www.vagalume.com.br/eminem/my-1st-single.html
Paul	https://www.vagalume.com.br/eminem/paul.html
Rain Man	https://www.vagalume.com.br/eminem/rain-man.html
Big Weenie	https://www.vagalume.com.br/eminem/big-weenie.html
Em Calls Paul (Skit)	https://www.vagalume.com.br/eminem/em-calls-paul-skit-1.html
Just Lose It	https://www.vagalume.com.br/eminem/just-lose-it.html
Ass Like That	https://www.vagalume.com.br/eminem/ass-like-that.html
Spend Some Time	https://www.vagalume.com.br/eminem/spend-some-time.html
Mockingbird	https://www.vagalume.com.br/eminem/mockingbird.html
Crazy in Love	https://www.vagalume.com.br/eminem/crazy-in-love.html
One Shot 2 Shot	https://www.vagalume.com.br/eminem/one-shot-2-shot.html
Final Thought (Skit)	https://www.vagalume.com.br/eminem/.html
Encore/Curtains Down	https://www.vagalume.com.br/eminem/.html
Business	https://www.vagalume.com.br/eminem/business.html
Bump Heads	https://www.vagalume.com.br/eminem/bump-heads.html
Business (A Capella)	https://www.vagalume.com.br/eminem/business.html
Business (Live In Barcelona)	https://www.vagalume.com.br/eminem/business.html
Sing For The Moment	https://www.vagalume.com.br/eminem/sing-for-the-moment.html
Rabbit Run	https://www.vagalume.com.br/eminem/rabbit-run.html
Sing For The Moment (Instrumental)	https://www.vagalume.com.br/eminem/sing-for-the-moment.html
Sing For The Moment - The Video	https://www.vagalume.com.br/eminem/sing-for-the-moment.html
Lose Yourself	https://www.vagalume.com.br/eminem/lose-yourself.html
Lose Yourself (Instrumental)	https://www.vagalume.com.br/eminem/lose-yourself.html
Renegade	https://www.vagalume.com.br/eminem/renegade.html
Lose Yourself - The Video	https://www.vagalume.com.br/eminem/lose-yourself.html
8 Mile Movie Trailer	https://www.vagalume.com.br/eminem/8-mile-road.html
Cleanin' Out My Closet	https://www.vagalume.com.br/eminem/cleanin-out-my-closet.html
Stimulate	https://www.vagalume.com.br/eminem/stimulate.html
Cleanin' Out My Closet (Instrumental)	https://www.vagalume.com.br/eminem/cleanin-out-my-closet.html
Cleanin' Out My Closet - The Video	https://www.vagalume.com.br/eminem/cleanin-out-my-closet.html
Without Me	https://www.vagalume.com.br/eminem/without-me.html
The Way I Am	https://www.vagalume.com.br/eminem/the-way-i-am.html
Without Me (A Cappella)	https://www.vagalume.com.br/eminem/without-me.html
Without Me (Instrumental)	https://www.vagalume.com.br/eminem/without-me.html
Stan (Radio Edit)	https://www.vagalume.com.br/eminem/stan.html
Guilty Consience (Radio Version W/Gunshot)	https://www.vagalume.com.br/eminem/guilty-conscience-radio-edit.html
Hazardous Youth (A Cappella)	https://www.vagalume.com.br/eminem/hazardous-youth.html
Get You Mad	https://www.vagalume.com.br/eminem/get-you-mad.html
The Way I Am	https://www.vagalume.com.br/eminem/the-way-i-am.html
Kids	https://www.vagalume.com.br/eminem/kids.html
'97 Bonnie & Clyde	https://www.vagalume.com.br/eminem/97-bonnie-and-clyde.html
Steve Berman	https://www.vagalume.com.br/eminem/steve-berman-marshall-mather-lp.html
The Way I Am - The Video	https://www.vagalume.com.br/eminem/the-way-i-am.html
The Real Slim Shady	https://www.vagalume.com.br/eminem/the-real-slim-shady.html
Bad Influence	https://www.vagalume.com.br/eminem/bad-influence.html
The Real Slim Shady (Instrumental)	https://www.vagalume.com.br/eminem/the-real-slim-shady.html
My Fault (Pizza Mix)	https://www.vagalume.com.br/eminem/my-fault-pizza-mix.html
Just Don't Give A Fuck - The Video	https://www.vagalume.com.br/eminem/just-dont-give-a-fuck.html
Guilty Conscience (Radio Edit With Gunshots)	https://www.vagalume.com.br/eminem/guilty-conscience.html
Guilty Conscience (Album Version)	https://www.vagalume.com.br/eminem/guilty-conscience.html
Guilty Conscience (A Cappella)	https://www.vagalume.com.br/eminem/guilty-conscience.html
My Name Is - The Video	https://www.vagalume.com.br/eminem/my-name-is.html
My Name Is (Slim Shady Radio Edit)	https://www.vagalume.com.br/eminem/my-name-is.html
My Name Is (Explicit Version)	https://www.vagalume.com.br/eminem/my-name-is.html
My Name Is (Instrumental)	https://www.vagalume.com.br/eminem/my-name-is.html
Wanksta (Eminem's Version)	https://www.vagalume.com.br/eminem/wanksta-eminems-version-letras.html
Curtains Up ( Skit)	https://www.vagalume.com.br/eminem/curtains-up.html
White America	https://www.vagalume.com.br/eminem/white-america.html
Business	https://www.vagalume.com.br/eminem/business.html
Cleanin Out My Closet	https://www.vagalume.com.br/eminem/cleanin-out-my-closet.html
Square Dance	https://www.vagalume.com.br/eminem/square-dance.html
The Kiss	https://www.vagalume.com.br/eminem/the-kiss.html
Soldier	https://www.vagalume.com.br/eminem/soldier.html
Say Goodbye Hollywood	https://www.vagalume.com.br/eminem/say-goodbye-hollywood.html
Drips	https://www.vagalume.com.br/eminem/drip.html
Without Me	https://www.vagalume.com.br/eminem/without-me.html
Paul Rosenberg	https://www.vagalume.com.br/eminem/paul-rosenberg.html
Sing For The Moment	https://www.vagalume.com.br/eminem/sing-for-the-moment.html
Superman	https://www.vagalume.com.br/eminem/superman.html
Hailie's Song	https://www.vagalume.com.br/eminem/hailies-song-radio-edit.html
Steve Berman	https://www.vagalume.com.br/eminem/steve-berman.html
When The Music Stops	https://www.vagalume.com.br/eminem/when-the-music-stops.html
Say What You Say	https://www.vagalume.com.br/eminem/say-what-you-say.html
Till I Collapse	https://www.vagalume.com.br/eminem/till-i-collapse.html
My Dad's Gone Crazy	https://www.vagalume.com.br/eminem/my-dads-gone-crazy.html
Curtains Close	https://www.vagalume.com.br/eminem/curtains-close.html
Public Service Announcement 2000	https://www.vagalume.com.br/eminem/public-service-announcement-2000.html
Kill You	https://www.vagalume.com.br/eminem/kill-you.html
Stan	https://www.vagalume.com.br/eminem/stan.html
Paul (Skit)	https://www.vagalume.com.br/eminem/paul.html
Who Knew	https://www.vagalume.com.br/eminem/who-knew.html
Steve Berman	https://www.vagalume.com.br/eminem/steve-berman-marshall-mather-lp.html
The Way I Am	https://www.vagalume.com.br/eminem/the-way-i-am.html
The Real Slim Shady	https://www.vagalume.com.br/eminem/the-real-slim-shady.html
Remember Me?	https://www.vagalume.com.br/eminem/remember-me-2.html
I`m Back	https://www.vagalume.com.br/eminem/im-back.html
Marshall Mathers	https://www.vagalume.com.br/eminem/marshall-mathers.html
Ken Kaniff (Skit)	https://www.vagalume.com.br/eminem/ken-kaniff-skit.html
Drug Ballad	https://www.vagalume.com.br/eminem/drug-ballad.html
Amityville	https://www.vagalume.com.br/eminem/amityville.html
Bitch Please 2	https://www.vagalume.com.br/eminem/bitch-please-ii.html
Kim	https://www.vagalume.com.br/eminem/kim.html
Under The Influence	https://www.vagalume.com.br/eminem/under-the-influence.html
Criminal	https://www.vagalume.com.br/eminem/criminal.html
The Real Slim Shady (instrumental)	https://www.vagalume.com.br/eminem/the-real-slim-shady.html
The Way I Am (instrumental)	https://www.vagalume.com.br/eminem/the-way-i-am.html
Stan (instrumental)	https://www.vagalume.com.br/eminem/stan.html
The Kids (Explicit Version)	https://www.vagalume.com.br/eminem/the-kids.html
The Real Slim Shady (Video Directors Cut)	https://www.vagalume.com.br/eminem/the-real-slim-shady.html
The Way I Am (video - Lp Version)	https://www.vagalume.com.br/eminem/the-way-i-am.html
Stan (video - Directors Version)	https://www.vagalume.com.br/eminem/stan.html
Public Service Announcement 2000	https://www.vagalume.com.br/eminem/public-service-announcement-2000.html
Kill You	https://www.vagalume.com.br/eminem/kill-you.html
Stan	https://www.vagalume.com.br/eminem/stan.html
Paul	https://www.vagalume.com.br/eminem/paul.html
Who Knew	https://www.vagalume.com.br/eminem/who-knew.html
Steve Berman	https://www.vagalume.com.br/eminem/steve-berman-marshall-mather-lp.html
The Way I Am	https://www.vagalume.com.br/eminem/the-way-i-am.html
The Real Slim Shady	https://www.vagalume.com.br/eminem/the-real-slim-shady.html
Remember Me?	https://www.vagalume.com.br/eminem/remember-me-2.html
I'm Back	https://www.vagalume.com.br/eminem/im-back.html
Marshall Mathers	https://www.vagalume.com.br/eminem/marshall-mathers.html
Ken Kaniff	https://www.vagalume.com.br/eminem/ken-kaniff.html
Drug Ballad	https://www.vagalume.com.br/eminem/drug-ballad.html
Amityville	https://www.vagalume.com.br/eminem/amityville.html
B**** Please II	https://www.vagalume.com.br/eminem/bitch-please-ii.html
Kim	https://www.vagalume.com.br/eminem/kim.html
Under The Influence	https://www.vagalume.com.br/eminem/under-the-influence.html
Criminal	https://www.vagalume.com.br/eminem/criminal.html
Public Service Announcement	https://www.vagalume.com.br/eminem/public-service-announcement.html
My Name Is	https://www.vagalume.com.br/eminem/my-name-is.html
Guilty Conscience	https://www.vagalume.com.br/eminem/guilty-conscience.html
Brain Damage	https://www.vagalume.com.br/eminem/brain-damage.html
Paul	https://www.vagalume.com.br/eminem/paul.html
If I Had	https://www.vagalume.com.br/eminem/if-i-had.html
97` Bonnie & Clyde	https://www.vagalume.com.br/eminem/97-bonnie-and-clyde.html
Bitch	https://www.vagalume.com.br/eminem/bitch.html
Role Model	https://www.vagalume.com.br/eminem/role-model.html
Lounge	https://www.vagalume.com.br/eminem/lounge.html
My Fault	https://www.vagalume.com.br/eminem/my-fault.html
Ken Kaniff	https://www.vagalume.com.br/eminem/ken-kaniff.html
Cum On Everybody	https://www.vagalume.com.br/eminem/cum-on-everybody.html
Rock Bottom	https://www.vagalume.com.br/eminem/rock-bottom.html
Just Don`t Give a Fuck	https://www.vagalume.com.br/eminem/just-dont-give-a-fuck.html
Soap	https://www.vagalume.com.br/eminem/soap.html
As The World Turns	https://www.vagalume.com.br/eminem/as-the-world-turns.html
I`m Shady	https://www.vagalume.com.br/eminem/im-shady.html
Bad Meets Evil	https://www.vagalume.com.br/eminem/bad-meets-evil.html
Still Don`t Give a Funck	https://www.vagalume.com.br/eminem/still-dont-give-a-fuck.html
Intro (Slim Shady) (skit)	https://www.vagalume.com.br/eminem/intro-slim-shady.html
Low, Down, Dirty	https://www.vagalume.com.br/eminem/low-down-dirty.html
If I Had...	https://www.vagalume.com.br/eminem/if-i-had.html
Just Don't Give A Fuck	https://www.vagalume.com.br/eminem/just-dont-give-a-fuck.html
Just the Two of Us	https://www.vagalume.com.br/eminem/just-the-two-of-usradio-edit.html
No One's Iller Than Me	https://www.vagalume.com.br/eminem/no-ones-iller-than-me.html
Murder Murder	https://www.vagalume.com.br/eminem/murder-murder-remix.html
If I Had (radio edit)	https://www.vagalume.com.br/eminem/if-i-had.html
Just Don't Give A Fuck (radio edit)	https://www.vagalume.com.br/eminem/just-dont-give-a-fuck.html
Infinite	https://www.vagalume.com.br/eminem/infinate.html
WEGO	https://www.vagalume.com.br/eminem/wego.html
It's Ok	https://www.vagalume.com.br/eminem/its-ok.html
313	https://www.vagalume.com.br/eminem/313-feat-eye-kyu.html
Tonight	https://www.vagalume.com.br/eminem/tonight.html
Maxine	https://www.vagalume.com.br/eminem/maxine.html
Open Mic	https://www.vagalume.com.br/eminem/open-mic-feat-thyme.html
Never 2 Far	https://www.vagalume.com.br/eminem/never-2-far.html
Searchin	https://www.vagalume.com.br/eminem/searchin.html
Backstabber	https://www.vagalume.com.br/eminem/backstabber.html
Jealousy Woes	https://www.vagalume.com.br/eminem/jealousy-woes-ii.html
